-- phpMyAdmin SQL Dump
-- version 3.4.5
-- http://www.phpmyadmin.net
--
-- Host: localhost
-- Waktu pembuatan: 07. Mei 2018 jam 18:02
-- Versi Server: 5.5.16
-- Versi PHP: 5.3.8

SET SQL_MODE="NO_AUTO_VALUE_ON_ZERO";
SET time_zone = "+00:00";


/*!40101 SET @OLD_CHARACTER_SET_CLIENT=@@CHARACTER_SET_CLIENT */;
/*!40101 SET @OLD_CHARACTER_SET_RESULTS=@@CHARACTER_SET_RESULTS */;
/*!40101 SET @OLD_COLLATION_CONNECTION=@@COLLATION_CONNECTION */;
/*!40101 SET NAMES utf8 */;

--
-- Database: `pendaftaran_anggota`
--

-- --------------------------------------------------------

--
-- Struktur dari tabel `admin`
--

CREATE TABLE IF NOT EXISTS `admin` (
  `kd_admin` int(11) NOT NULL AUTO_INCREMENT,
  `username` text,
  `password` text,
  PRIMARY KEY (`kd_admin`)
) ENGINE=InnoDB  DEFAULT CHARSET=latin1 AUTO_INCREMENT=2 ;

--
-- Dumping data untuk tabel `admin`
--

INSERT INTO `admin` (`kd_admin`, `username`, `password`) VALUES
(1, 'Faizal', '123');

-- --------------------------------------------------------

--
-- Struktur dari tabel `anggota`
--

CREATE TABLE IF NOT EXISTS `anggota` (
  `kd_anggota` varchar(35) NOT NULL DEFAULT '',
  `nama` varchar(35) NOT NULL,
  `tempat_lahir` varchar(35) NOT NULL,
  `tgl_lahir` date NOT NULL,
  `no_hp` text NOT NULL,
  `email` text NOT NULL,
  `alamat` text,
  `foto` text,
  `pengurus` text,
  `regional` text,
  PRIMARY KEY (`kd_anggota`)
) ENGINE=InnoDB DEFAULT CHARSET=latin1;

--
-- Dumping data untuk tabel `anggota`
--

INSERT INTO `anggota` (`kd_anggota`, `nama`, `tempat_lahir`, `tgl_lahir`, `no_hp`, `email`, `alamat`, `foto`, `pengurus`, `regional`) VALUES
('ANG001', 'Nurmalasari Yuniar', 'Bojonegoro', '1999-06-26', '0991231', 'nurmalasariyuni49@gmail.com', 'Jakarta', 'foto/bukti2.PNG', 'Pusat', 'Indonesia');

-- --------------------------------------------------------

--
-- Struktur dari tabel `jenis`
--

CREATE TABLE IF NOT EXISTS `jenis` (
  `id_jenis` int(11) NOT NULL,
  `nama` tinytext NOT NULL
) ENGINE=InnoDB DEFAULT CHARSET=latin1;

--
-- Dumping data untuk tabel `jenis`
--

INSERT INTO `jenis` (`id_jenis`, `nama`) VALUES
(1, 'kabupaten'),
(2, 'kota'),
(3, 'kelurahan'),
(4, 'desa');

-- --------------------------------------------------------

--
-- Struktur dari tabel `kabupaten`
--

CREATE TABLE IF NOT EXISTS `kabupaten` (
  `id_kab` char(4) NOT NULL,
  `id_prov` char(2) NOT NULL,
  `nama` tinytext NOT NULL,
  `id_jenis` int(11) NOT NULL,
  PRIMARY KEY (`id_kab`)
) ENGINE=InnoDB DEFAULT CHARSET=latin1;

--
-- Dumping data untuk tabel `kabupaten`
--

INSERT INTO `kabupaten` (`id_kab`, `id_prov`, `nama`, `id_jenis`) VALUES
('1101', '11', 'KAB. ACEH SELATAN', 1),
('1102', '11', 'KAB. ACEH TENGGARA', 1),
('1103', '11', 'KAB. ACEH TIMUR', 1),
('1104', '11', 'KAB. ACEH TENGAH', 1),
('1105', '11', 'KAB. ACEH BARAT', 1),
('1106', '11', 'KAB. ACEH BESAR', 1),
('1107', '11', 'KAB. PIDIE', 1),
('1108', '11', 'KAB. ACEH UTARA', 1),
('1109', '11', 'KAB. SIMEULUE', 1),
('1110', '11', 'KAB. ACEH SINGKIL', 1),
('1111', '11', 'KAB. BIREUEN', 1),
('1112', '11', 'KAB. ACEH BARAT DAYA', 1),
('1113', '11', 'KAB. GAYO LUES', 1),
('1114', '11', 'KAB. ACEH JAYA', 1),
('1115', '11', 'KAB. NAGAN RAYA', 1),
('1116', '11', 'KAB. ACEH TAMIANG', 1),
('1117', '11', 'KAB. BENER MERIAH', 1),
('1118', '11', 'KAB. PIDIE JAYA', 1),
('1171', '11', 'KOTA BANDA ACEH', 2),
('1172', '11', 'KOTA SABANG', 2),
('1173', '11', 'KOTA LHOKSEUMAWE', 2),
('1174', '11', 'KOTA LANGSA', 2),
('1175', '11', 'KOTA SUBULUSSALAM', 2),
('1201', '12', 'KAB. TAPANULI TENGAH', 1),
('1202', '12', 'KAB. TAPANULI UTARA', 1),
('1203', '12', 'KAB. TAPANULI SELATAN', 1),
('1204', '12', 'KAB. NIAS', 1),
('1205', '12', 'KAB. LANGKAT', 1),
('1206', '12', 'KAB. KARO', 1),
('1207', '12', 'KAB. DELI SERDANG', 1),
('1208', '12', 'KAB. SIMALUNGUN', 1),
('1209', '12', 'KAB. ASAHAN', 1),
('1210', '12', 'KAB. LABUHANBATU', 1),
('1211', '12', 'KAB. DAIRI', 1),
('1212', '12', 'KAB. TOBA SAMOSIR', 1),
('1213', '12', 'KAB. MANDAILING NATAL', 1),
('1214', '12', 'KAB. NIAS SELATAN', 1),
('1215', '12', 'KAB. PAKPAK BHARAT', 1),
('1216', '12', 'KAB. HUMBANG HASUNDUTAN', 1),
('1217', '12', 'KAB. SAMOSIR', 1),
('1218', '12', 'KAB. SERDANG BEDAGAI', 1),
('1219', '12', 'KAB. BATU BARA', 1),
('1220', '12', 'KAB. PADANG LAWAS UTARA', 1),
('1221', '12', 'KAB. PADANG LAWAS', 1),
('1222', '12', 'KAB. LABUHANBATU SELATAN', 1),
('1223', '12', 'KAB. LABUHANBATU UTARA', 1),
('1224', '12', 'KAB. NIAS UTARA', 1),
('1225', '12', 'KAB. NIAS BARAT', 1),
('1271', '12', 'KOTA MEDAN', 2),
('1272', '12', 'KOTA PEMATANG SIANTAR', 2),
('1273', '12', 'KOTA SIBOLGA', 2),
('1274', '12', 'KOTA TANJUNG BALAI', 2),
('1275', '12', 'KOTA BINJAI', 2),
('1276', '12', 'KOTA TEBING TINGGI', 2),
('1277', '12', 'KOTA PADANGSIDIMPUAN', 2),
('1278', '12', 'KOTA GUNUNGSITOLI', 2),
('1301', '13', 'KAB. PESISIR SELATAN', 1),
('1302', '13', 'KAB. SOLOK', 1),
('1303', '13', 'KAB. SIJUNJUNG', 1),
('1304', '13', 'KAB. TANAH DATAR', 1),
('1305', '13', 'KAB. PADANG PARIAMAN', 1),
('1306', '13', 'KAB. AGAM', 1),
('1307', '13', 'KAB. LIMA PULUH KOTA', 1),
('1308', '13', 'KAB. PASAMAN', 1),
('1309', '13', 'KAB. KEPULAUAN MENTAWAI', 1),
('1310', '13', 'KAB. DHARMASRAYA', 1),
('1311', '13', 'KAB. SOLOK SELATAN', 1),
('1312', '13', 'KAB. PASAMAN BARAT', 1),
('1371', '13', 'KOTA PADANG', 2),
('1372', '13', 'KOTA SOLOK', 2),
('1373', '13', 'KOTA SAWAHLUNTO', 2),
('1374', '13', 'KOTA PADANG PANJANG', 2),
('1375', '13', 'KOTA BUKITTINGGI', 2),
('1376', '13', 'KOTA PAYAKUMBUH', 2),
('1377', '13', 'KOTA PARIAMAN', 2),
('1401', '14', 'KAB. KAMPAR', 1),
('1402', '14', 'KAB. INDRAGIRI HULU', 1),
('1403', '14', 'KAB. BENGKALIS', 1),
('1404', '14', 'KAB. INDRAGIRI HILIR', 1),
('1405', '14', 'KAB. PELALAWAN', 1),
('1406', '14', 'KAB. ROKAN HULU', 1),
('1407', '14', 'KAB. ROKAN HILIR', 1),
('1408', '14', 'KAB. SIAK', 1),
('1409', '14', 'KAB. KUANTAN SINGINGI', 1),
('1410', '14', 'KAB. KEPULAUAN MERANTI', 1),
('1471', '14', 'KOTA PEKANBARU', 2),
('1472', '14', 'KOTA DUMAI', 2),
('1501', '15', 'KAB. KERINCI', 1),
('1502', '15', 'KAB. MERANGIN', 1),
('1503', '15', 'KAB. SAROLANGUN', 1),
('1504', '15', 'KAB. BATANGHARI', 1),
('1505', '15', 'KAB. MUARO JAMBI', 1),
('1506', '15', 'KAB. TANJUNG JABUNG BARAT', 1),
('1507', '15', 'KAB. TANJUNG JABUNG TIMUR', 1),
('1508', '15', 'KAB. BUNGO', 1),
('1509', '15', 'KAB. TEBO', 1),
('1571', '15', 'KOTA JAMBI', 2),
('1572', '15', 'KOTA SUNGAI PENUH', 2),
('1601', '16', 'KAB. OGAN KOMERING ULU', 1),
('1602', '16', 'KAB. OGAN KOMERING ILIR', 1),
('1603', '16', 'KAB. MUARA ENIM', 1),
('1604', '16', 'KAB. LAHAT', 1),
('1605', '16', 'KAB. MUSI RAWAS', 1),
('1606', '16', 'KAB. MUSI BANYUASIN', 1),
('1607', '16', 'KAB. BANYUASIN', 1),
('1608', '16', 'KAB. OGAN KOMERING ULU TIMUR', 1),
('1609', '16', 'KAB. OGAN KOMERING ULU SELATAN', 1),
('1610', '16', 'KAB. OGAN ILIR', 1),
('1611', '16', 'KAB. EMPAT LAWANG', 1),
('1612', '16', 'KAB. PENUKAL ABAB LEMATANG ILIR', 1),
('1613', '16', 'KAB. MUSI RAWAS UTARA', 1),
('1671', '16', 'KOTA PALEMBANG', 2),
('1672', '16', 'KOTA PAGAR ALAM', 2),
('1673', '16', 'KOTA LUBUK LINGGAU', 2),
('1674', '16', 'KOTA PRABUMULIH', 2),
('1701', '17', 'KAB. BENGKULU SELATAN', 1),
('1702', '17', 'KAB. REJANG LEBONG', 1),
('1703', '17', 'KAB. BENGKULU UTARA', 1),
('1704', '17', 'KAB. KAUR', 1),
('1705', '17', 'KAB. SELUMA', 1),
('1706', '17', 'KAB. MUKO MUKO', 1),
('1707', '17', 'KAB. LEBONG', 1),
('1708', '17', 'KAB. KEPAHIANG', 1),
('1709', '17', 'KAB. BENGKULU TENGAH', 1),
('1771', '17', 'KOTA BENGKULU', 2),
('1801', '18', 'KAB. LAMPUNG SELATAN', 1),
('1802', '18', 'KAB. LAMPUNG TENGAH', 1),
('1803', '18', 'KAB. LAMPUNG UTARA', 1),
('1804', '18', 'KAB. LAMPUNG BARAT', 1),
('1805', '18', 'KAB. TULANG BAWANG', 1),
('1806', '18', 'KAB. TANGGAMUS', 1),
('1807', '18', 'KAB. LAMPUNG TIMUR', 1),
('1808', '18', 'KAB. WAY KANAN', 1),
('1809', '18', 'KAB. PESAWARAN', 1),
('1810', '18', 'KAB. PRINGSEWU', 1),
('1811', '18', 'KAB. MESUJI', 1),
('1812', '18', 'KAB. TULANG BAWANG BARAT', 1),
('1813', '18', 'KAB. PESISIR BARAT', 1),
('1871', '18', 'KOTA BANDAR LAMPUNG', 2),
('1872', '18', 'KOTA METRO', 2),
('1901', '19', 'KAB. BANGKA', 1),
('1902', '19', 'KAB. BELITUNG', 1),
('1903', '19', 'KAB. BANGKA SELATAN', 1),
('1904', '19', 'KAB. BANGKA TENGAH', 1),
('1905', '19', 'KAB. BANGKA BARAT', 1),
('1906', '19', 'KAB. BELITUNG TIMUR', 1),
('1971', '19', 'KOTA PANGKAL PINANG', 2),
('2101', '21', 'KAB. BINTAN', 1),
('2102', '21', 'KAB. KARIMUN', 1),
('2103', '21', 'KAB. NATUNA', 1),
('2104', '21', 'KAB. LINGGA', 1),
('2105', '21', 'KAB. KEPULAUAN ANAMBAS', 1),
('2171', '21', 'KOTA BATAM', 2),
('2172', '21', 'KOTA TANJUNG PINANG', 2),
('3101', '31', 'KAB. ADM. KEP. SERIBU', 1),
('3171', '31', 'KOTA ADM. JAKARTA PUSAT', 2),
('3172', '31', 'KOTA ADM. JAKARTA UTARA', 2),
('3173', '31', 'KOTA ADM. JAKARTA BARAT', 2),
('3174', '31', 'KOTA ADM. JAKARTA SELATAN', 2),
('3175', '31', 'KOTA ADM. JAKARTA TIMUR', 2),
('3201', '32', 'KAB. BOGOR', 1),
('3202', '32', 'KAB. SUKABUMI', 1),
('3203', '32', 'KAB. CIANJUR', 1),
('3204', '32', 'KAB. BANDUNG', 1),
('3205', '32', 'KAB. GARUT', 1),
('3206', '32', 'KAB. TASIKMALAYA', 1),
('3207', '32', 'KAB. CIAMIS', 1),
('3208', '32', 'KAB. KUNINGAN', 1),
('3209', '32', 'KAB. CIREBON', 1),
('3210', '32', 'KAB. MAJALENGKA', 1),
('3211', '32', 'KAB. SUMEDANG', 1),
('3212', '32', 'KAB. INDRAMAYU', 1),
('3213', '32', 'KAB. SUBANG', 1),
('3214', '32', 'KAB. PURWAKARTA', 1),
('3215', '32', 'KAB. KARAWANG', 1),
('3216', '32', 'KAB. BEKASI', 1),
('3217', '32', 'KAB. BANDUNG BARAT', 1),
('3218', '32', 'KAB. PANGANDARAN', 1),
('3271', '32', 'KOTA BOGOR', 2),
('3272', '32', 'KOTA SUKABUMI', 2),
('3273', '32', 'KOTA BANDUNG', 2),
('3274', '32', 'KOTA CIREBON', 2),
('3275', '32', 'KOTA BEKASI', 2),
('3276', '32', 'KOTA DEPOK', 2),
('3277', '32', 'KOTA CIMAHI', 2),
('3278', '32', 'KOTA TASIKMALAYA', 2),
('3279', '32', 'KOTA BANJAR', 2),
('3301', '33', 'KAB. CILACAP', 1),
('3302', '33', 'KAB. BANYUMAS', 1),
('3303', '33', 'KAB. PURBALINGGA', 1),
('3304', '33', 'KAB. BANJARNEGARA', 1),
('3305', '33', 'KAB. KEBUMEN', 1),
('3306', '33', 'KAB. PURWOREJO', 1),
('3307', '33', 'KAB. WONOSOBO', 1),
('3308', '33', 'KAB. MAGELANG', 1),
('3309', '33', 'KAB. BOYOLALI', 1),
('3310', '33', 'KAB. KLATEN', 1),
('3311', '33', 'KAB. SUKOHARJO', 1),
('3312', '33', 'KAB. WONOGIRI', 1),
('3313', '33', 'KAB. KARANGANYAR', 1),
('3314', '33', 'KAB. SRAGEN', 1),
('3315', '33', 'KAB. GROBOGAN', 1),
('3316', '33', 'KAB. BLORA', 1),
('3317', '33', 'KAB. REMBANG', 1),
('3318', '33', 'KAB. PATI', 1),
('3319', '33', 'KAB. KUDUS', 1),
('3320', '33', 'KAB. JEPARA', 1),
('3321', '33', 'KAB. DEMAK', 1),
('3322', '33', 'KAB. SEMARANG', 1),
('3323', '33', 'KAB. TEMANGGUNG', 1),
('3324', '33', 'KAB. KENDAL', 1),
('3325', '33', 'KAB. BATANG', 1),
('3326', '33', 'KAB. PEKALONGAN', 1),
('3327', '33', 'KAB. PEMALANG', 1),
('3328', '33', 'KAB. TEGAL', 1),
('3329', '33', 'KAB. BREBES', 1),
('3371', '33', 'KOTA MAGELANG', 2),
('3372', '33', 'KOTA SURAKARTA', 2),
('3373', '33', 'KOTA SALATIGA', 2),
('3374', '33', 'KOTA SEMARANG', 2),
('3375', '33', 'KOTA PEKALONGAN', 2),
('3376', '33', 'KOTA TEGAL', 2),
('3401', '34', 'KAB. KULON PROGO', 1),
('3402', '34', 'KAB. BANTUL', 1),
('3403', '34', 'KAB. GUNUNG KIDUL', 1);

-- --------------------------------------------------------

--
-- Struktur dari tabel `provinsi`
--

CREATE TABLE IF NOT EXISTS `provinsi` (
  `id_prov` char(2) NOT NULL,
  `nama` tinytext NOT NULL,
  PRIMARY KEY (`id_prov`)
) ENGINE=InnoDB DEFAULT CHARSET=latin1;

--
-- Dumping data untuk tabel `provinsi`
--

INSERT INTO `provinsi` (`id_prov`, `nama`) VALUES
('11', 'Aceh'),
('12', 'Sumatera Utara'),
('13', 'Sumatera Barat'),
('14', 'Riau'),
('15', 'Jambi'),
('16', 'Sumatera Selatan'),
('17', 'Bengkulu'),
('18', 'Lampung'),
('19', 'Kepulauan Bangka Belitung'),
('21', 'Kepulauan Riau'),
('31', 'DKI Jakarta'),
('32', 'Jawa Barat'),
('33', 'Jawa Tengah'),
('34', 'DI Yogyakarta'),
('35', 'Jawa Timur'),
('36', 'Banten'),
('51', 'Bali'),
('52', 'Nusa Tenggara Barat'),
('53', 'Nusa Tenggara Timur'),
('61', 'Kalimantan Barat'),
('62', 'Kalimantan Tengah'),
('63', 'Kalimantan Selatan'),
('64', 'Kalimantan Timur'),
('65', 'Kalimantan Utara'),
('71', 'Sulawesi Utara'),
('72', 'Sulawesi Tengah'),
('73', 'Sulawesi Selatan'),
('74', 'Sulawesi Tenggara'),
('75', 'Gorontalo'),
('76', 'Sulawesi Barat'),
('81', 'Maluku'),
('82', 'Maluku Utara'),
('91', 'Papua Barat'),
('92', 'Papua');

/*!40101 SET CHARACTER_SET_CLIENT=@OLD_CHARACTER_SET_CLIENT */;
/*!40101 SET CHARACTER_SET_RESULTS=@OLD_CHARACTER_SET_RESULTS */;
/*!40101 SET COLLATION_CONNECTION=@OLD_COLLATION_CONNECTION */;
